smoker,charges,age,bmi
no,8409.025939213283,39.31711880261927,30.656501403180545
yes,31963.762697246377,38.65942028985507,30.672771739130432
