region,charges,age,bmi
northeast,13371.921735720001,39.20307692307692,29.181953846153846
northwest,12468.875327730062,39.263803680981596,29.199386503067483
southeast,14658.800786893733,38.89100817438692,33.322970027247955
southwest,12295.839216269113,39.40672782874618,30.59577981651376
